product_name,price 

Amazon web site 


Casami web site 


Digicel web site 

APPLE IPHONE 13 PROMAX 256GB,  J$ 191,648.00  + GCT 

Ebay web site 

Shop on eBay, $20.00
Shockproof FRONT + BACK Case Cover For iPhone 14 11 12 13 PRO MAX X XR XS 7 8, $7.30
Apple iPhone XS |XS Max Unlocked Various Colors 64GB 256GB 512GB Smartphone Used, $234.99 to $409.99
Full Cover TEMPERED Glass For iPhone 11 12 13 PRO XS MAX XR 7 8 Screen Protector, $7.30
Apple iPhone X Unlocked Various Colors 64GB 256GB Smartphone Used, $244.99
Apple iPhone XR Unlocked Various Colors 64GB 128GB 256GB Smartphone Used, $224.99 to $289.99
Apple iPhone 11 Pro| Pro Max Unlocked 64GB 256GB 512GBSmartphone Used, $434.99 to $714.99
Apple iPhone 7 Plus Unlocked Various Colors 32GB 128GB 256GB Smartphone Used, $144.99 to $209.99
Apple iPhone SE (2nd Gen) 64 GB Unlocked Fingerprint Sensor Not Working !!, $110.21
Apple iPhone 13 Pro Max - 128GB - Gold (Unlocked) mint condition, $117.50
New Apple iPhone 14 Pro Max 6.7"120Hz Real Dual Sim Apple A16 48MP Phone ByFedEx, $1,747.97 to $2,497.91
Apple iPhone 14 Pro Max - 256GB - Space Black (Unlocked) A2651 (GSM) Warranty, $52.00
Apple iPhone 11 Unlocked Various Colors 64GB 128GB 256GB Smartphone Used, $344.99 to $444.99
Apple iPhone 1st 8GB black | unlocked  2G GSM network | working very well, $96.00
Excellent Condition Apple iPhone 5s Unlocked 16GB Model Verizon At&t Tmobile, $44.99
SET Apple iPhone 8 - 64GB - Space Gray (Without Simlock) A1905 (GSM), $53.57
Apple iPhone 11 Pro - 64GB - Midnight Green (Unlocked) A2160 (CDMA + GSM), $149.00
iPhone 11 11 Pro 11 Pro Max 64gb 128gb 256gb - All Colours - GRADE mix, $323.15 to $487.78
Apple iPhone 4s 32GB Black/white (Unlocked) (CDMA + GSM) IOS6 Sealed Smartphone, $54.00
Apple iPhone 5 - 16GB - Black & Slate (Unlocked) A1428 (GSM), $33.99
Apple iPhone 8 Plus 128GB Silver Unlocked A1897 Good Condition Grade B 730, $207.29
Apple iPhone 12 - 64GB - Purple (Unlocked) (CA) , $242.47
Apple iPhone 13 Pro Max 128GB Gold- Optimum Only - Mint Condition, $670.00
Apple iPhone 14 Pro - 128GB - Deep Purple (Unlocked) (GSM), $9.99
Apple iPhone 6s Unlocked Various Colors 16GB 32GB 64GB 128GB Smartphone Used, $79.80 to $104.99
Apple iPhone 11 64GB White Unlocked A2221 Average Condition Grade C 729, $219.49
Apple iPhone 5s - 64GB - Gold (Unlocked) A1533 (GSM), $65.00
Apple iPhone 12 - 256GB Black  (Consumer Cellular) Smartphone, $409.00
APPLE IPHONE 12 64GB BLACK - Face ID NOT WORKING + ACCESSORIES, $303.55
Apple iPhone 5s - 16GB - Gray/Silver/Gold Unlocked/AT&T A1453, $32.00
Case & Screen Protector for iPhone 14 7 8 XR 11 13 12  PRO MAX FRONT + BACK 360, $8.52
iPhone 11 4GB 64GB White Single SIM + eSIM Apple Warranty, $525.06
FULL CHECK IPHONE-IPAD, $1.16
Apple iPhone 12 mini (PRODUCT)RED - 128GB (Without Simlock), $504.17
Apple iPhone XS - 64GB - Space Grey (Unlocked) A2097 (GSM), $201.21
Apple iPhone 12 PRO 128GB 256GB | Unlocked Verizon T-Mobile AT&T | Very Good, $509.98
Apple iPhone XR - 64GB - Red (Unlocked) A2105 (GSM), $189.01
Iphone X 10 64gb Space Gray Unlocked, $274.38
Apple iPhone 13 Pro Max 256GB Silver (Without Simlock) - Mint Condition!, $561.94
Apple iPhone 11 Unlocked 64GB 128GB 256GB | Verizon AT&T T-Mobile | Very Good, $329.98 to $384.98
Apple iPhone 12 Unlocked 64GB 128GB 256GB | Verizon T-Mobile AT&T | Very Good, $414.98 to $514.98
UNLOCKED Pacific Blue Apple iPhone 12 Pro 128GB| good condition w/ box, $400.00
Apple iPhone 12 Pro - 128GB - Silver (Unlocked), $437.09
Apple iPhone 8 64GB Space Gray Unlocked Fair Condition, $109.99
Apple iPhone Xs 64GB Factory Unlocked Black Silver, $201.74
Apple iPhone XR 128GB - Black, $210.07
Apple iPhone 5c - 8GB - Blue - Unlocked, $24.38
Apple iPhone XS Max 256GB Gold Unlocked FAULTY LCD 731, $182.91
Apple iPhone XS - 64GB - Gold (Vodafone) A2097 (GSM), $87.80
APPLE IPHONE 12 64GB BLUE - Face ID NOT WORKING + ACCESSORIES, $303.55
Apple iPhone 8 64GB Unlocked A1905 GSM - Space Gray, $93.00
Apple iPhone 8 64GB 128GB Gold Red Silver - Good Condition, $133.82
Apple iPhone 5c - 8GB - White (Unlocked), $24.38
Apple iPhone 12 - 128GB - Black (Unlocked) A2403 (CDMA + GSM), $361.02
iPhone XR - 64gb - Black unlocked In Excellent Condition, $207.31
Apple iPhone 11 Pro - Unlocked - 64GB| 256GB| 512GB - All Colours - CA - Grade A, $366.64 to $543.72
Apple iPhone 11 Pro Max - Unlocked - 64GB / 256GB / 512GB - CA - Grade A, $440.12 to $587.07
Apple iPhone 11 - Unlocked - 64GB| 128GB| 256GB - All Colours - CA - Grade A, $307.86 to $432.77
APPLE IPHONE 11 64GB BLACK REFURBISHED| REPLACED DISPLAY AND 1 YEAR WARRANTY, $320.36
Apple iPhone 11 Refurbished 64gb 128gb Excellent White Black Red Green, $393.87 to $435.88
APPLE IPHONE 14 PRO 256GB NEW 5G SPACE BLACK - Official Apple, $1,678.46
Apple iPhone 11 Pro Max - Unlocked - 64GB / 256GB / 512GB - CA - Grade B, $425.42 to $506.25
Apple iPhone 12 Pro MAX 128GB 256GB | Unlocked Verizon AT&T T-Mobile | Very Good, $594.98 to $744.98
Apple iPhone 11 Pro - Unlocked - 64GB| 256GB| 512GB - All Colours - CA - Grade B, $351.95 to $371.05
APPLE IPHONE 12 REFURBISHED 64 128GB EXCELLENT WHITE BLACK RED GREEN BLUE, $525.16 to $588.19
Apple iPhone 11 - Unlocked - 64GB| 128GB| 256GB - All Colours - CA - Grade B, $285.82 to $431.30
Apple iPhone XR (PRODUCT)RED - 128GB - (O2) A2105 (GSM), $182.92
Apple iPhone 8 - 64GB - Space Grey (Unlocked) A1905 (GSM), $56.09
Apple iPhone 7 256GB Single SIM (Unlocked) Smartphone - Black, $60.97
Apple iPhone 6s 128GB Gold (Without Simlock) A1688 (CDMA + GSM), $28.88
Apple iPhone 7 Black 128GB. FAULTY - Fingerprint Issue - Pristine, $25.61
Apple iPhone XR - 64GB - Black (O2) A2105 (GSM), $124.37
New Apple iPhone X 10 64GB 256GB  Factory Unlocked Sealed AU SELLER FREE EXPRESS, $319.41 to $355.73

